Type,A,B,C
NorthernEifel,18.36839286,15.61013672,38.30138493
NorthernEifel,18.38,15.612,38.29
NorthernEifel,18.35930611,15.60276597,38.27738378
NorthernEifel,18.37988689,15.62370524,38.33906841
NorthernEifel,18.36374195,15.6082475,38.27708086
NorthernEifel,18.37661641,15.6254549,38.33774762
NorthernEifel,18.418,15.642,38.339
NorthernEifel,18.374,15.612,38.284
NorthernEifel,18.371,15.608,38.271
NorthernEifel,18.398,15.635,38.353
NorthernEifel,18.39,15.614,38.312
NorthernEifel,18.353,15.643,38.368
NorthernEifel,18.375,15.603,38.346
NorthernEifel,18.37955336,15.61710333,38.34177135
NorthernEifel,18.3599856,15.61116109,38.30369585
NorthernEifel,18.372,15.609,38.26
NorthernEifel,18.37270552,15.61130335,38.30689446
NorthernEifel,18.445,15.697,38.504
NorthernEifel,18.508,15.784,38.83
NorthernEifel,18.337,15.607,38.237
NorthernEifel,18.38,15.642,38.307
NorthernEifel,18.472,15.749,38.686
NorthernEifel,18.418,15.691,38.472
NorthernEifel,18.386,15.624,38.331
NorthernEifel,18.395,15.637,38.36
NorthernEifel,18.351,15.605,38.244
NorthernEifel,18.394,15.637,38.372
NorthernEifel,18.353,15.616,38.278
NorthernEifel,18.333,15.599,38.224
NorthernEifel,18.346,15.607,38.248
NorthernEifel,18.365,15.608,38.262
NorthernEifel,18.331,15.598,38.217
NorthernEifel,18.39299947,15.62146277,38.37170277
NorthernEifel,18.35537829,15.60573263,38.27919964
NorthernEifel,18.37148975,15.62224544,38.32150878
NorthernEifel,18.37050449,15.61447127,38.32075398
NorthernEifel,18.33626533,15.61115888,38.28956173
NorthernEifel,18.345,15.636,38.344
NorthernEifel,18.3722404,15.6283423,38.37635977
NorthernEifel,18.31132759,15.61206947,38.29701508
NorthernEifel,18.30324003,15.59916533,38.24563822
NorthernEifel,18.31595434,15.61710744,38.3024506
NorthernEifel,18.34560203,15.60258979,38.27713741
NorthernEifel,18.447,15.705,38.556
NorthernEifel,18.421,15.718,38.486
NorthernEifel,18.378,15.652,38.38
NorthernEifel,18.36,15.622,38.322
NorthernEifel,18.344,15.627,38.318
NorthernEifel,18.328,15.615,38.285
NorthernEifel,18.367,15.626,38.336
NorthernEifel,18.35,15.631,38.339
NorthernEifel,18.347,15.639,38.36
NorthernEifel,18.325,15.615,38.279
NorthernEifel,18.39,15.619,38.332
NorthernEifel,18.392,15.626,38.364
NorthernEifel,18.364,15.608,38.286
NorthernEifel,18.411,15.631,38.408
NorthernEifel,18.307,15.605,38.233
NorthernEifel,18.351,15.608,38.267
NorthernEifel,18.303,15.6091,38.22
NorthernEifel,18.346,15.603,38.262
NorthernEifel,18.41,15.631,38.394
NorthernEifel,18.393,15.615,38.336
NorthernEifel,18.3167105,15.6124421,38.28953632
NorthernEifel,18.395,15.669,38.463
NorthernEifel,18.4,15.713,38.584
NorthernEifel,18.443,15.671,38.464
NorthernEifel,18.328,15.608,38.259
NorthernEifel,18.376,15.614,38.308
NorthernEifel,18.315,15.615,38.266
NorthernEifel,18.306,15.604,38.233
NorthernEifel,18.365,15.625,38.319
NorthernEifel,18.363,15.619,38.287
NorthernEifel,18.352,15.605,38.261
NorthernEifel,18.369,15.65,38.344
NorthernEifel,18.344,15.619,38.262
NorthernEifel,18.513,15.763,38.697
NorthernEifel,18.461,15.755,38.737
NorthernEifel,18.468,15.752,38.694
NorthernEifel,18.332,15.612,38.27
NorthernEifel,18.30371698,15.61209767,38.28769777
NorthernEifel,18.391,15.635,38.395
NorthernEifel,18.35998029,15.61814556,38.33880174
NorthernEifel,18.365,15.616,38.338
NorthernEifel,18.417,15.642,38.431
NorthernEifel,18.406,15.624,38.308
NorthernEifel,18.399,15.623,38.356
NorthernEifel,18.372,15.618,38.336
NorthernEifel,18.345,15.633,38.336
NorthernEifel,18.39288452,15.61781688,38.37729597
NorthernEifel,18.368,15.632,38.373
NorthernEifel,18.353,15.62,38.336
NorthernEifel,18.40647535,15.63974751,38.4399175
NorthernEifel,18.39082159,15.62032202,38.39543112
NorthernEifel,18.38752596,15.61391123,38.36722285
NorthernEifel,18.38978081,15.61887887,38.37970513
NorthernEifel,18.38502717,15.61440104,38.36743608
NorthernEifel,18.39571443,15.62686413,38.40723011
NorthernEifel,18.39603794,15.62481028,38.39620842
NorthernEifel,18.40516297,15.63606921,38.43969482
NorthernEifel,18.4010739,15.63282594,38.42690711
NorthernEifel,18.39547781,15.62652452,38.40476591
NorthernEifel,18.398,15.613,38.34
NorthernEifel,18.394,15.613,38.33
NorthernEifel,18.466,15.71,38.626
NorthernEifel,18.466,15.71,38.37
NorthernEifel,18.495,15.738,38.704
NorthernEifel,18.372,15.634,38.4
NorthernEifel,18.383,15.606,38.333
NorthernEifel,18.402,15.621,38.408
NorthernEifel,18.382,15.628,38.351
NorthernEifel,18.353,15.643,38.368
NorthernEifel,18.344,15.608,38.27
NorthernEifel,18.36585779,15.63472399,38.37900546
NorthernEifel,18.386,15.616,38.323
NorthernEifel,18.397,15.678,38.485
NorthernEifel,18.452,15.617,38.396
NorthernEifel,18.514,15.69,38.489
NorthernEifel,18.479,15.661,38.428
NorthernEifel,18.534,15.717,38.554
NorthernEifel,18.424,15.613,38.33
NorthernEifel,18.331,15.599,38.241
NorthernEifel,18.332,15.6,38.242
NorthernEifel,18.344,15.609,38.26
NorthernEifel,18.405,15.628,38.378
NorthernEifel,18.455,15.727,38.648
NorthernEifel,18.142,15.598,38.052
NorthernEifel,18.152,15.599,38.064
NorthernEifel,18.345,15.588,38.24
NorthernEifel,18.347,15.603,38.256
NorthernEifel,18.153,15.589,38.03
NorthernEifel,18.152,15.589,38.03
NorthernEifel,18.157,15.593,38.05
NorthernEifel,18.489,15.761,38.778
Sauerland,18.44,15.67,38.434
Sauerland,18.34204512,15.64297513,38.39160847
Sauerland,18.28646732,15.62915206,38.29430652
Sauerland,18.25368114,15.63695804,38.26495343
Sauerland,18.24830524,15.63245141,38.24906171
Sauerland,18.3848585,15.61980542,38.35289418
Sauerland,18.19087633,15.5972419,38.10107633
Sauerland,18.2246862,15.60299232,38.1509702
Sauerland,18.22401252,15.60252648,38.1511986
Sauerland,18.27199675,15.60540224,38.21811776
Sauerland,18.313,15.68,38.303
Sauerland,18.256,15.626,38.217
Sauerland,18.268,15.626,38.236
Sauerland,18.206,15.616,38.138
Sauerland,18.259,15.62,38.208
Sauerland,18.276,15.63,38.25
Sauerland,18.292,15.618,38.236
Sauerland,18.276,15.639,38.267
Sauerland,18.354,15.631,38.333
Sauerland,18.247,15.656,38.274
Sauerland,18.253,15.653,38.282
Sauerland,18.2140263,15.6060284,38.15016919
Sauerland,18.395,15.632,38.329
Sauerland,18.343,15.658,38.389
Sauerland,18.307496,15.5649911,38.1512261
Sauerland,18.397,15.616,38.286
Sauerland,18.31114449,15.60496972,38.25530878
Sauerland,18.35634451,15.61237608,38.30724229
Sauerland,18.36850721,15.61959884,38.34019454
Sauerland,18.407,15.677,38.496
Sauerland,18.19139963,15.59883053,38.10813485
Sauerland,18.233,15.617,38.196
Sauerland,18.44818732,15.61066816,38.31923301
Sauerland,18.20830213,15.61113109,38.16118535
Sauerland,18.39292812,15.62771202,38.36400374
Sauerland,18.29442739,15.62777252,38.29842436
Sauerland,18.43936195,15.60909328,38.39130665
Sauerland,18.22386359,15.6283726,38.21462907
Sauerland,18.21680961,15.61775016,38.18520246
Sauerland,18.2109298,15.60120263,38.13856255
Sauerland,18.21495684,15.60028923,38.13218812
Sauerland,18.24122681,15.61341068,38.21442749
Sauerland,18.21191386,15.60361567,38.13002374
Sauerland,18.33030164,15.60331187,38.26596436
Sauerland,18.254,15.633,38.218
Sauerland,18.33,15.674,38.341
Sauerland,18.247,15.613,38.129
Sauerland,18.2450075,15.62183389,38.1781338
Sauerland,18.2037764,15.59589788,38.10439939
Sauerland,18.223184,15.61060977,38.16362152
Sauerland,18.18832387,15.57783477,38.05209586
Sauerland,18.24411655,15.63423588,38.21966222
Sauerland,18.19620137,15.60159913,38.12321963
Sauerland,18.20968497,15.60740603,38.15471149
Sauerland,18.428,15.662,38.467
Sauerland,18.20203658,15.61833578,38.17849237
Sauerland,18.19347879,15.5978809,38.12978198
Sauerland,18.21069548,15.61183821,38.17581183
Sauerland,18.406,15.633,38.372
Sauerland,18.22907914,15.59839801,38.19697875
Sauerland,18.535,15.712,38.667
Sauerland,18.45946878,15.61644115,38.41354788
Sauerland,18.319,15.649,38.385
Sauerland,18.341,15.652,38.326
Sauerland,18.62,15.654,38.521
Sauerland,18.34301194,15.63119127,38.36740856
Sauerland,18.33039976,15.61806911,38.32426747
Sauerland,18.33707651,15.62656666,38.35014533
Sauerland,18.33387518,15.62204348,38.33619191
Sauerland,18.48,15.651,38.462
Sauerland,18.4379756,15.61984575,38.42222128
Sauerland,18.47056173,15.63281862,38.46715954
Sauerland,18.45662955,15.63049076,38.45020768
Sauerland,18.4549671,15.63356698,38.47968571
Sauerland,18.46638046,15.62519204,38.4361508
Sauerland,18.419386,15.61025691,38.38944921
Sauerland,18.42410515,15.61584379,38.39544347
Sauerland,18.42963539,15.61911033,38.41765035
Sauerland,18.45676395,15.61115206,38.39152832
Sauerland,18.44408441,15.6342407,38.46927732
Sauerland,18.48975577,15.63222607,38.46887787
Sauerland,18.47769439,15.60993525,38.4059954
Sauerland,18.53306203,15.71859284,38.76183714
Sauerland,18.46915324,15.64214008,38.50103845
Sauerland,18.457,15.628,38.42
Sauerland,18.06337258,15.57527234,38.18066258
Sauerland,18.407,15.634,38.632
Sauerland,18.517,15.659,38.535
Sauerland,18.38862587,15.61574255,38.3570539
Sauerland,18.46410246,15.61136225,38.41091173
Sauerland,18.48735199,15.62382935,38.43986387
Sauerland,18.35491056,15.6226569,38.33683874
Sauerland,18.34442284,15.61855982,38.33652185
Sauerland,18.36970253,15.62459768,38.36233212
Sauerland,18.35250889,15.61507476,38.31131443
Sauerland,18.34277492,15.60779491,38.29118022
Sauerland,18.34599138,15.61918859,38.32435435
Sauerland,18.35389553,15.60830379,38.29938838
Sauerland,18.35280243,15.61857928,38.32756552
Sauerland,18.34496393,15.60307078,38.27943889
Sauerland,18.3543831,15.61850785,38.33306451
Sauerland,18.35746086,15.62214561,38.32398855
Sauerland,18.33451369,15.60438299,38.27253093
Sauerland,18.42497657,15.71225961,38.58503803
Sauerland,18.34067641,15.61878767,38.31245331
Sauerland,18.3623973,15.61991678,38.32995308
Sauerland,18.41106964,15.61641507,38.3774382
Sauerland,18.40432203,15.58458828,38.38110536
Sauerland,18.39388241,15.62236122,38.39170349
Sauerland,18.39971862,15.61478842,38.36242814
Sauerland,18.39034765,15.61211332,38.35297252
Sauerland,18.40568963,15.61376987,38.36017698
Sauerland,18.37441548,15.60592938,38.35634509
Sauerland,18.4629861,15.65467932,38.53126306
Sauerland,18.43416975,15.62588592,38.44312425
Sauerland,18.43454217,15.62342583,38.43034597
Sauerland,18.45288453,15.64572989,38.50677227
Sauerland,18.433007,15.62632566,38.43741564
Sauerland,18.44237145,15.63451179,38.46073992
Sauerland,18.45352393,15.62430411,38.43419865
Sauerland,18.43242843,15.61486798,38.4199666
Sauerland,18.44284088,15.62234296,38.44106673
Sauerland,18.4388852,15.61899947,38.43094148
Sauerland,18.44521439,15.62666859,38.4483189
Sauerland,18.44607097,15.62446344,38.44288319
Sauerland,18.494,15.694,38.668
Sauerland,18.562,15.752,38.828
Sauerland,18.46,15.623,38.391
Sauerland,18.565,15.729,38.627
Sauerland,18.59,15.707,38.731
Sauerland,18.51248947,15.62388754,38.49820514
Sauerland,18.5098582,15.63494281,38.53997342
Sauerland,18.51170335,15.62498756,38.51067788
Sauerland,18.37600126,15.63937348,38.39302106
Sauerland,18.40889917,15.66433458,38.48878759
Sauerland,18.40062491,15.66813137,38.49809817
Sauerland,18.37587488,15.6252723,38.36024478
Sauerland,18.35462584,15.6164853,38.3209421
Sauerland,18.38102639,15.6137794,38.31733169
Sauerland,18.266,15.668,38.254
Sauerland,18.445,15.651,38.365
Sauerland,18.35606349,15.62897929,38.36221631
Sauerland,18.39876463,15.61544618,38.33996634
Sauerland,18.558,15.682,38.68
Sauerland,18.267,15.651,38.289
Sauerland,18.419,15.641,38.384
Sauerland,18.353,15.628,38.307
Sauerland,18.3071874,15.61129924,38.28515633
Sauerland,18.197,15.606,38.123
BergischesLand,18.23109867,15.61601967,38.29102344
BergischesLand,18.24151769,15.57971543,38.12112368
BergischesLand,18.17,15.603,38.085
BergischesLand,18.17685079,15.61322056,38.12714061
BergischesLand,18.17984927,15.62990474,38.18916623
BergischesLand,18.21918923,15.70038265,38.433274
BergischesLand,18.2221386,15.69911076,38.4299649
BergischesLand,18.21793578,15.70901514,38.47448152
BergischesLand,18.23753681,15.73728262,38.55619608
BergischesLand,18.13628504,15.73278703,38.52960329
BergischesLand,18.14821603,15.59540416,38.07936592
BergischesLand,18.22,15.659,38.261
BergischesLand,18.417,15.854,38.443
BergischesLand,18.08091546,15.54650868,37.94643052
BergischesLand,18.14141832,15.61285894,38.09485904
BergischesLand,18.08683184,15.54235982,37.94190926
BergischesLand,18.13635164,15.5911891,38.04506977
BergischesLand,18.14679386,15.59353986,38.04305138
BergischesLand,18.11266075,15.5602246,37.96431806
Laurion,18.808,15.64844408,38.71100176
Laurion,18.846,15.67553742,38.77526808
Laurion,18.834,15.651054,38.73381606
Laurion,18.923,15.73693449,39.04931357
Laurion,18.823,15.65094804,38.73491055
Laurion,18.827,15.65182645,38.7252563
Laurion,18.823,15.65151273,38.73829869
Laurion,18.841,15.66572627,38.76874888
Laurion,18.873,15.70535568,38.82421449
Laurion,18.817,15.65329779,38.72632685
Laurion,18.832,15.6569248,38.7411904
Laurion,18.818,15.65356512,38.7246213
Laurion,18.838,15.66794136,38.74260756
Laurion,18.832,15.65052192,38.72499488
Laurion,18.819,15.65100954,38.73251304
Laurion,18.818,15.64923698,38.74306294
Laurion,18.848,15.69096,38.8796544
Laurion,18.835,15.6597957,38.76261835
Laurion,18.844,15.68122304,38.889305
Laurion,18.84,15.6534024,38.7210984
Laurion,18.824,15.66307392,38.73527424
Laurion,18.818,15.65638782,38.7246213
Laurion,18.897,15.70756434,38.9561655
Laurion,18.886,15.71371858,38.95936282
Laurion,18.846,15.69325266,38.8934325
Laurion,18.882,15.69415194,38.83574232
Laurion,18.903,15.72483861,38.97685182
Laurion,18.857,15.67525839,38.83618007
Laurion,18.911,15.70426173,38.93812722
Laurion,18.82,15.6531586,38.7778572
Laurion,18.8661447,15.68286011,38.86425809
Laurion,18.83097318,15.65663603,38.79933715
Laurion,18.8313278,15.6629569,38.80195093
Laurion,18.82034102,15.65777092,38.77366658
Laurion,18.83239171,15.66873823,38.86440678
Laurion,18.85725061,15.67414671,38.83839336
Laurion,18.87362223,15.67341084,38.86267552
Laurion,18.87682869,15.68626711,38.88249174
Laurion,18.85049671,15.67060642,38.81317273
Laurion,18.84872017,15.68288913,38.85475176
Laurion,18.851,15.68667114,38.80610307
Laurion,18.898,15.71349802,38.91589548
Laurion,18.824,15.66608576,38.74845104
Laurion,18.887,15.68338706,38.81675127
Laurion,18.847,15.6656264,38.75244752
Laurion,18.82211222,15.66338535,38.76037569
Laurion,18.84197238,15.66992633,38.80315791
Laurion,18.87504719,15.69837675,38.84484711
Laurion,18.86400936,15.67278489,38.82024485
Laurion,18.886,15.70691962,38.93991024
Laurion,18.901,15.72695507,38.99994538
Laurion,18.91,15.7079697,38.975401
Laurion,18.885,15.6817263,38.8177398
Laurion,18.865,15.68190855,38.83680955
Laurion,18.895,15.7025008,38.89932545
Laurion,18.915,15.7232829,38.8801608
Laurion,18.83,15.6592163,38.7568475
Laurion,18.906,15.72941388,38.98530636
Laurion,18.83,15.65,38.77
Laurion,18.86,15.68,38.85
Laurion,18.86,15.68,38.85
Laurion,18.83274638,15.67072826,38.81617356
Laurion,18.84623358,15.67045476,38.82324118
Laurion,18.85120742,15.6706317,38.84479801
Sardinia,18.232,15.65727696,38.36213352
Sardinia,18.205,15.6421001,38.32607625
Sardinia,18.195,15.63623715,38.22678525
Sardinia,18.17,15.6281987,38.2549363
Sardinia,18.235,15.68447055,38.395616
Sardinia,18.179,15.6375758,38.27606629
Sardinia,18.208,15.66397824,38.36389184
Sardinia,18.208,15.66397824,38.36389184
Sardinia,18.203,15.66495571,38.3591819
Sardinia,18.097,15.60992929,38.11843498
Sardinia,18.083,15.61195805,38.08514879
Sardinia,18.107,15.63376487,38.16647781
Sardinia,18.136,15.66460728,38.28836048
Sardinia,18.105,15.6467031,38.230518
Sardinia,18.203,15.58158597,38.13564906
Sardinia,18.254,15.63929704,38.3142333
Sardinia,18.236,15.63408752,38.29870012
Sardinia,18.197,15.60156189,38.16966326
Sardinia,18.212,15.62097876,38.21988532
Sardinia,18.225,15.638508,38.273229
Sardinia,18.244,15.65590616,38.34505676
Sardinia,18.214,15.6403618,38.3085955
Sardinia,18.243,15.67420317,38.37506265
Sardinia,18.28,15.6443896,38.3481496
Sardinia,18.29,15.6582519,38.4111948
Sardinia,18.296,15.66485224,38.42288072
Sardinia,18.317,15.68338174,38.48383383
Sardinia,18.324,15.6917574,38.50898544
Sardinia,18.3,15.671571,38.458182
Sardinia,18.321,15.72179973,38.56533858
Sardinia,18.475,15.6701255,38.7793945
Sardinia,18.48,15.6769536,38.7924768
Sardinia,18.475,15.67363575,38.77329775
Sardinia,18.491,15.69109278,38.83202455
Sardinia,18.497,15.69877384,38.86201203
Sardinia,18.504,15.70767552,38.89374264
Sardinia,18.693,15.6572568,38.78274096
Sardinia,18.694,15.66015074,38.80107946
Sardinia,18.708,15.67318824,38.8219062
Sardinia,18.105,15.6202698,38.1323889
Sardinia,18.136,15.64846624,38.24773584
Sardinia,18.124,15.64300564,38.20521076
Sardinia,18.103,15.62904402,38.12944375
Sardinia,18.123,15.66153414,38.22811251
Sardinia,18.059,15.62753624,38.10539295
Sardinia,18.023,15.69550978,38.26913705
Sardinia,17.952,15.63583296,38.01641184
Sardinia,17.984,15.66873984,38.12805824
Sardinia,17.869,15.619,37.887
Sardinia,18.2286,15.6479771,38.32490236
Sardinia,18.251,15.67304625,38.39389866
Sardinia,18.2332,15.65812516,38.38708529
Sardinia,18.255,15.6803148,38.3950113
Sardinia,18.241,15.66828936,38.3717676
Sardinia,18.252,15.67810296,38.40914376
Sardinia,18.232,15.66256424,38.35684624
Sardinia,18.216,15.6530088,38.32427808
Sardinia,18.2516,15.68487749,38.45885894
Sardinia,18.2068,15.65129355,38.31256924
Sardinia,18.209,15.66210717,38.29498372
Sardinia,18.2238,15.67501933,38.34506206
Sardinia,18.2084,15.67124154,38.36109295
Sardinia,18.241,15.70148798,38.39310957
Sardinia,18.2133,15.67910144,38.37469457
Sardinia,18.156,15.65555568,38.28247068
Sardinia,18.159,15.66467976,38.33328582
Sardinia,18.139,15.73159192,38.26313216
Sardinia,18.075,15.68747325,38.271282
Sardinia,18.006,15.63587022,38.08683138
Sardinia,18.044,15.6820404,38.24173184
Sardinia,18.062,15.70545086,38.31817176
Sardinia,17.88,15.6194316,37.8932628
Sardinia,17.867,15.60986189,37.8548129
Sardinia,17.87,15.6142699,37.8749289
Sardinia,17.889,15.63266043,37.9336245
Sardinia,17.903,15.64740103,38.00878512
Sardinia,17.869,15.61857814,37.88674725
Sardinia,17.909,15.65622689,38.01525521
Sardinia,17.885,15.6357824,37.95644125
Sardinia,17.895,15.6463143,37.9921587
Sardinia,17.898,15.64929528,37.99816992
Sardinia,17.915,15.6652343,38.0134802
Sardinia,17.89,15.6456995,37.9724195
Sardinia,17.9,15.656235,38.028729
Sardinia,17.921,15.67514028,38.1054223
Sardinia,18.265,15.6436072,38.35960505
Sardinia,18.272,15.6536224,38.40902304
Sardinia,18.277,15.66320623,38.44164856
Sardinia,18.114,15.64632978,38.211483
Sardinia,18.1165,15.65229367,38.23161228
Sardinia,18.118,15.6566697,38.25959942
Sardinia,18.1,15.644011,38.183398
Sardinia,17.946,15.62432598,37.9746333
Sardinia,17.9,15.621151,37.918286
Sardinia,17.921,15.64521221,38.01707177
Sardinia,17.926,15.66947512,38.14079168
Sardinia,18.377,15.67355953,38.56248057
Sardinia,18.395,15.6968214,38.63888145
Sardinia,18.247,15.62180411,38.23914308
Sardinia,18.288,15.66678096,38.38541472
Sardinia,18.29,15.6741642,38.3608973
Sardinia,18.232,15.62919968,38.25146528
Sardinia,18.237,15.63603906,38.27235057
Sardinia,18.246,15.6441204,38.30090844
Sardinia,18.25,15.6524775,38.327555
Sardinia,18.245,15.64855405,38.32818375
Sardinia,18.247,15.65026943,38.31194861
Sardinia,18.22,15.6289338,38.2142636
Sardinia,18.259,15.66603941,38.3877216
Sardinia,18.277,15.68184877,38.41496414
Sardinia,18.283,15.68937362,38.44402976
Sardinia,18.221,15.63762662,38.28250321
Sardinia,18.243,15.66271008,38.38947462
Sardinia,18.196,15.62890832,38.21578508
Sardinia,18.227,15.66592423,38.35744561
Sardinia,18.232,15.670404,38.34134904
Sardinia,18.229,15.66891924,38.36785233
Tuscany,18.733,15.69300876,39.04219462
Tuscany,18.739,15.70309461,39.0689411
Tuscany,18.743,15.70457227,39.08534019
Tuscany,18.728,15.69013112,39.03327216
Tuscany,18.78,15.7181088,39.0631512
Tuscany,18.756,15.6931452,39.0012264
Tuscany,18.758,15.6882533,38.98081222
Tuscany,18.763,15.69750106,39.01221723
Tuscany,18.692,15.65903608,38.95936176
Tuscany,18.706,15.67394446,38.99377936
Tuscany,18.731,15.69732724,39.05563348
Tuscany,18.737,15.70123126,39.05577754
Tuscany,18.743,15.70532199,39.09058823
Tuscany,18.731,15.69320642,39.04439488
Tuscany,18.698,15.66181876,38.9516736
Tuscany,18.721,15.68520264,39.01493842
Tuscany,18.758,15.72164254,39.1310638
Tuscany,18.758,15.69894536,39.07422706
Tuscany,18.756,15.69108204,39.05393076
Tuscany,18.757,15.69323162,39.06295306
Tuscany,18.788,15.72724692,39.1804952
Tuscany,18.756,15.6922074,39.05130492
Tuscany,18.753,15.69082263,39.04018293
Tuscany,18.784,15.73404192,39.19131328
Tuscany,18.775,15.72687875,39.173662
Tuscany,18.815,15.75775065,39.25392265
Tuscany,18.775,15.7173035,39.1364875
Tuscany,18.774,15.70933224,39.11356386
Tuscany,17.994,15.49967172,37.61249832
Tuscany,18.004,15.50522484,37.64564384
Cevennes,18.38,15.64,38.37
Cevennes,18.51,15.67,38.66
Cevennes,18.41,15.66,38.47
Cevennes,18.47,15.65,38.61
Cevennes,18.36,15.64,38.4
Cevennes,18.36,15.64,38.41
Cevennes,18.43,15.65,38.56
Cevennes,18.32,15.67,38.42
Cevennes,18.4,15.64,38.59
Cevennes,17.76,15.59,37.78
Cevennes,17.81,15.63,37.9
Cevennes,17.8,15.63,37.88
Cevennes,18.58,15.64,38.55
Cevennes,18.63,15.68,38.75
MontagneNoire,18.41,15.7,38.52
MontagneNoire,18.5,15.66,38.67
MontagneNoire,18.56,15.65,38.61
MontagneNoire,18.55,15.64,38.59
MontagneNoire,18.45,15.65,38.43
MontagneNoire,17.86,15.6,37.8
MontagneNoire,17.91,15.63,37.97
MontagneNoire,17.9,15.62,37.96
MontagneNoire,17.94,15.64,38.06
MontagneNoire,17.92,15.64,38.04
MontagneNoire,17.79,15.59,37.77
MontagneNoire,17.86,15.61,37.95
MontagneNoire,17.82,15.6,37.88
MontagneNoire,17.784,15.607,37.823
MontagneNoire,17.833,15.593,37.755
MontagneNoire,17.876,15.602,37.833
MontagneNoire,17.879,15.604,37.833
MontagneNoire,18.493,15.693,38.721
Cevennes,18.587,15.68,38.786
Cevennes,18.563,15.677,38.69
Cevennes,18.617,15.775,38.999
Cevennes,18.373,15.684,38.639
Cevennes,18.518,15.678,38.76
Cevennes,18.377,15.679,38.623
Cevennes,18.481,15.68,38.609
Cevennes,18.562,15.681,38.718
Cevennes,18.571,15.679,38.698
Cevennes,18.577,15.689,38.713
Cevennes,18.441,15.669,38.695
Cevennes,18.506,15.678,38.753
Cevennes,18.479,15.681,38.727
Cevennes,18.437,15.673,38.704
Cevennes,18.44,15.67,38.684
Cevennes,18.457,15.673,38.678
Cevennes,18.435,15.67,38.686
Cevennes,18.489,15.667,38.679
Cevennes,18.531,15.678,38.715
Cevennes,18.481,15.668,38.683
Cevennes,18.412,15.664,38.661
Cevennes,18.531,15.677,38.706
Cevennes,18.551,15.68,38.712
Cevennes,18.472,15.667,38.702
Cevennes,18.497,15.671,38.683
Cevennes,18.603,15.686,38.715
Cevennes,18.556,15.671,38.692
Cevennes,18.62,15.66,38.73
Cevennes,18.636,15.683,38.747
Cevennes,18.59,15.66,38.62
Cevennes,18.596,15.674,38.715
Cevennes,18.606,15.685,38.693
Cevennes,18.572,15.678,38.683
Cevennes,18.554,15.676,38.677
Cevennes,18.42,15.64,38.49
Cevennes,18.43,15.65,38.56
Cevennes,18.4,15.63,38.49
Cevennes,18.38,15.63,38.55
Cevennes,18.38,15.64,38.37
Cevennes,18.38,15.65,38.54
Cevennes,18.372,15.672,38.536
Cevennes,18.369,15.671,38.524
Cevennes,18.359,15.672,38.545
Cevennes,18.32,15.65028086,38.4860286
Cevennes,18.31,15.65,38.43
Cevennes,18.28,15.63,38.37
Cevennes,18.28,15.67,38.42
MontagneNoire,17.86,15.6,37.8
Cevennes,18.444,15.686,38.546
Cevennes,18.406,15.668,38.479
Cevennes,18.41,15.67,38.48
Cevennes,18.426,15.669,38.488
Cevennes,18.423,15.672,38.488
Cartagena,18.726,15.706,39.055
Cartagena,18.754,15.697,38.946
Cartagena,18.752,15.696,38.936
Cartagena,18.76,15.707,39.099
Cartagena,18.748,15.715,38.981
Cartagena,18.762,15.709,38.96
Cartagena,18.681,15.588,38.572
Cartagena,18.731,15.691,39.053
Cartagena,18.701,15.67,38.967
Cartagena,18.722,15.681,39.011
Cartagena,18.756,15.731595,39.17134332
Cartagena,18.774,15.76058526,39.1935411
Cartagena,18.765,15.708,39.11
Cartagena,18.753,15.693,39.064
Cartagena,18.724,15.64914472,38.89761208
Cartagena,18.725,15.66889275,38.9491235
Cartagena,18.73,15.6756989,38.9840601
Cartagena,18.722,15.66263798,38.93970058
Cartagena,18.732,15.66856872,38.97454848
Cartagena,18.713,15.65473441,38.92341426
Cartagena,18.729,15.65856774,38.94658092
SMLinares,18.283,15.613682,38.3705321
SMLinares,18.291,15.6241722,38.3763471
SMLinares,18.293,15.6277099,38.4134707
SMLinares,18.302,15.64821,38.4744644
SMLinares,18.263,15.6166913,38.3632578
SMLinares,18.248,15.6166384,38.3554712
SMLinares,18.231,15.6039129,38.3179158
SMLinares,18.262,15.6340982,38.3940288
SMLinares,18.224,15.6033888,38.3104928
SMLinares,18.273,15.6453426,38.4409101
SMLinares,18.239,15.6180557,38.3639126
SMLinares,18.241,15.62,38.465
SMLinares,17.975,15.399,37.816
SMLinares,18.244,15.6296348,38.3926736
SMLinares,18.185,15.584,38.319
SMLinares,18.2,15.597,38.311
SMLinares,18.203,15.599971,38.3118541
SMLinares,18.204,15.6026484,38.3048568
SMLinares,18.209,15.61,38.343
SMLinares,18.198,15.6011454,38.2995108
SMLinares,18.192,15.5960016,38.2832448
SMLinares,18.19,15.596106,38.284493
SMLinares,18.205,15.608967,38.3233455
SMLinares,18.192,15.5978208,38.2887024
SMLinares,18.203,15.6090725,38.3227759
SMLinares,18.199,15.6056425,38.3125348
SMLinares,18.211,15.6177536,38.3560082
SMLinares,18.224,15.629,38.408
SMLinares,18.211,15.6195747,38.3578293
SMLinares,18.204,15.6172116,38.3503668
SMLinares,18.201,15.616,38.443
SMLinares,18.258,15.671,38.525
SMLinares,18.258,15.67138914,38.52547548
SMLinares,18.242,15.646,38.423
SMLos,18.469,15.6358554,38.618679
SMLos,18.464,15.6427008,38.645152
SMLos,18.452,15.6362248,38.6034292
SMLos,18.442,15.629595,38.5769756
SMLos,18.297,15.6329568,38.3651496
SMLos,18.255,15.615327,38.3446275
SMLos,18.251,15.6210309,38.3307502
SMLos,18.24,15.611616,38.324064
SMLos,18.231,15.6093822,38.3233851
Roman,18.412,15.657,38.497
Roman,18.288,15.625,38.287
Roman,18.691,15.697,39.017
Roman,18.18,15.614,38.15
Roman,18.333,15.619,38.318
Roman,18.356,15.615,38.331
Roman,18.347,15.599,38.28
Roman,18.329,15.609,38.339
Roman,18.315,15.612,38.305
Roman,18.379,15.609,38.346
Roman,18.217,15.588,38.134
Roman,18.369,15.612,38.339
Roman,18.242,15.594,38.146
Roman,18.427,15.606,38.351
Roman,18.354,15.609,38.337
Roman,18.362,15.602,38.317
Roman,18.23,15.593,38.148
Roman,18.327,15.6,38.253
Roman,18.724,15.662,38.857
Roman,18.311,15.593,38.219
Roman,18.351,15.594,38.26
Roman,18.297,15.613,38.276
Roman,18.374,15.617,38.343
Roman,18.165,15.588,38.075
Roman,18.364,15.605,38.312
Roman,18.15,15.591,38.071
Roman,18.374,15.602,38.322
Roman,18.378,15.618,38.353
Roman,18.25,15.59,38.16
Roman,18.35,15.596,38.279
Roman,18.347,15.598,38.27
Roman,18.272,15.586,38.171
Roman,18.33,15.592,38.25
Roman,18.301,15.597,38.23
Roman,18.306,15.592,38.279
Roman,18.361,15.642,38.443
Roman,18.256,15.584,38.145
Roman,18.328,15.647,38.239
Roman,18.358,15.616,38.336
Roman,18.355,15.621,38.342
Roman,18.159,15.582,38.05
Roman,18.164,15.602,38.108
Roman,18.167,15.597,38.11
Roman,18.18,15.603,38.122
Roman,18.149,15.595,38.087
Roman,18.15,15.593,38.092
Roman,18.167,15.59,38.087
Roman,18.378,15.604,38.333
Roman,18.389,15.621,38.412
Roman,18.338,15.613,38.312
Roman,18.235,15.605,38.183
Roman,18.685,15.662,39.12
Roman,18.214,15.622,38.205
Roman,18.373,15.605,38.336
Roman,18.335,15.607,38.29
Roman,18.147,15.592,38.071
Roman,18.722,15.688,39.018
Roman,18.397,15.626,38.402
Roman,18.365,15.616,38.34
Roman,18.396,15.647,38.44
Roman,18.374,15.635,38.407
Roman,18.38,15.619,38.374
Roman,18.372,15.626,38.365
Roman,18.324,15.63,38.382
Roman,18.398,15.653,38.627
Roman,18.378,15.634,38.394
Roman,18.378,15.639,38.415
Roman,18.371,15.623,38.369
Roman,18.17,15.61,38.133
Roman,18.253,15.639,38.289
Roman,18.218,15.648,38.275
Roman,18.17,15.616,38.155
Roman,18.343,15.63,38.36
Roman,18.218,15.604,38.173
Roman,18.357,15.623,38.351
Roman,18.299,15.628,38.311
Roman,18.504,15.613,38.469
Roman,18.296,15.643,38.336
Roman,18.175,15.62,38.174
Roman,18.181,15.58,38.09
Roman,18.373,15.618,38.371
Roman,18.194,15.604,38.152
Roman,18.275,15.607,38.246
Roman,18.166,15.596,38.095
Roman,18.33,15.599,38.263
Roman,18.204,15.603,38.162
Roman,18.181,15.588,38.108
Roman,18.361,15.598,38.314
Roman,18.387,15.623,38.407
Roman,18.348,15.62,38.342
Roman,18.424,15.612,38.392
Roman,18.354,15.622,38.354
Roman,18.332,15.605,38.272
Roman,18.374,15.637,38.397
Roman,18.356,15.617,38.338
